,pic_num,article
0,2_0,자신의 요리 스타일을 고려한 수납장 디자인
1,2_1,상부장은 생략 가능 하지만 하부장은 필수!
2,2_2,동선의 흐름을 따르는 수납장 배치
3,2_3,그릇 컬렉터를 위한 디스플레이형 수납장
4,2_4,수납공간이 부족하다면 빈 벽면을 타겟으로!
5,2_5,수납장인 동시에 인테리어 소품으로. 포인트 상부장
6,2_6,1. 수납장보단 시선에 그대로 노출되는 선반 수납
7,2_7,2. 국내 아파트엔 화사한 톤의 앤티크 주방 인테리어
8,2_8,3. 셀프라서 더욱 멋스러운 DIY 가구
9,2_9,4. 풍요로운 공간을 연출하는 다양한 질감의 재료
10,2_10,5. 벼룩시장에서 구한 감성 인테리어 소품 활용하기
11,2_11,1. 북유럽 스타일에 도시 감성을 더한 주방
12,2_12,2. 러스틱 스타일의 주방
13,2_13,3. 풍부한 질감이 드러나는 주방
14,2_14,4. 모던 스타일의 흰색&회색 ㄴ자 주방
15,2_15,5. ㄷ자 대면형 주방
16,2_16,6. 개성 넘치는 주방
17,2_17,7. 인더스트리얼 스타일의 주방
18,2_18,8. 간결하고 산뜻한 주방
19,2_19,9. 빛이 가득한 주방
20,2_20,10. 동화 감성의 주방
21,2_21,1. 가족 간의 소통을 높여주는 디자인
22,2_22,2. 해방감이 있는 디자인
23,2_23,3. 기능적인 동선 관리
24,2_24,4. TV 보면서 조리할 수 있는 디자인
25,2_25,5. 인테리어 포인트
26,2_26,6. 전체적으로 긍정적인 분위기 연출
27,2_27,1. 예산은 얼마?
28,2_28,2. 어떤 스타일이 좋을까?
29,2_29,3. 당신이 원하는 주방의 모양은?
30,2_30,4. 공간은 충분한가?
31,2_31,5. 어떤 재료가 좋을까?
32,2_32,6. 식탁은 어떤 것으로?
33,2_33,7. 오픈 플랜 or 독립형 ?
34,2_34,8. 색상은 어떻게?
35,2_35,1. 콤팩트한 공간에 이상적인 주방 레이아웃
36,2_36,2. 편리한 작업 동선과 여유로운 조리대
37,2_37,3. 신선함이 있는 주방 디자인
38,2_38,4. 우아한 여성미를 담아낸 공간
39,2_39,5. 고급스러운 모던 클래식 스타일
40,2_40,6. 완벽한 자연미
41,2_41,7. 색깔로 표현한 개성
42,2_42,1. 다기능 주방으로 효율성을 높여라
43,2_43,2. 고전적인 아이디어로 승부하라. 벽면 활용법
44,2_44,3. 스마트한 시스템 주방
45,2_45,4. 선반이 있는 카운터
46,2_46,5. 수직 수납 가구
47,2_47,6. 조리대 밑 작은 틈새를 알뜰하게 활용하라
48,2_48,7. 창문 아래 채우기
49,2_49,1. 빵과 씨리얼을 서랍에 보관하기
50,2_50,2. 벽면에 조리기구 걸어두기
51,2_51,3. 천정까지 모두 쓰는 수납 공간
52,2_52,4. 소스통 선반 사용하기
53,2_53,5. 개방형 선반 사용하기
54,2_54,6. 유니크한 벽면 디자인
55,2_55,7. 자연광을 최대화하기
56,2_56,8. 아침식사 전용 바
57,2_57,세련된 모던 다이닝 키친
58,2_58,소형 아파트에 매치한 콤팩트 다이닝키친
59,2_59,두 소재간의 완벽한 하모니
60,2_60,감각적인 브루클린 스타일
61,2_61,몽환적인 미니멀리스트
62,2_62,1. 아일랜드 주방
63,2_63,2. 11자(병렬형) 주방
64,2_64,3. ㄱ자 주방
65,2_65,"4. 페닌슐라(Peninsula, 반도형) 주방"
66,2_66,5. 마주 보는 대면식 주방
67,2_67,1. 선반이 두려워 그냥 공간에 물건을 쌓아 올리는 것
68,2_68,2. 청소 관리를 생각하지 못한 것
69,2_69,3. 개성을 드러내지 못한 인테리어
70,2_70,4. 창문과의 관계
71,2_71,5. 어울리지 않는 조리대
72,2_72,6. 과한 소품
73,2_73,7. 겉으로 드러나는 수납장
74,2_74,1. 깔끔한 우드와 화이트의 조합
75,2_75,2. 대리석과 어우러지는 우드 테이블
76,2_76,3. 공간 효율성이 좋은 모던 주방
77,2_77,4. 병렬 레이아웃 오픈 주방
78,2_78,5. 피아노가 있는 주방
79,2_79,6. 무게감 있는 우드 테이블
80,2_80,7. 화이트 인테리어를 장식하는 블랙 스톤 조리대
81,2_81,8. 감각적인 인더스트리얼 주방
82,2_82,9. 끝 선을 맞춘 미니멀 라인
83,2_83,10. 효율적인 동선과 온기를 챙기다.
84,2_84,11. 우드 본연의 매력
85,2_85,12. 다듬어지지 않은 와일드한 자연미
86,2_86,13. 섬세한 화이트 미니멀리스트
87,2_87,14. 넓은 시야가 있는 개방적인 구조
88,2_88,15. 샹들리에로 연출한 클래식 스타일
89,2_89,16. 소박한 매력이 있는 편안함
90,2_90,17. 평면적인 라인의 미니멀 디자인
91,2_91,18. 산뜻한 지중해풍 주방
92,2_92,"19. 큰 주방, 이래서 좋다."
93,2_93,20. 블랙 포인트가 있는 클래식 스타일
94,2_94,21. 따뜻한 감성이 그립다면
95,2_95,22. 심플한 직각 라인의 모던미
96,2_96,23. 안정감과 산뜻한 분위기의 중간
97,2_97,24. 단정하고 깔끔한 기본 스타일
98,2_98,25. 부드러움이 있는 혼합 컬러
99,2_99,26. 자연조명이 가득한 L자형 시스템
100,2_100,27. 톤이 낮은 우드로 차분하게
101,2_101,1. 다른 분위기의 공간을 대비시키는 효과
102,2_102,2. 인더스트리얼풍 슬라이딩 도어
103,2_103,3. 컨트리 스타일 슬라이딩 도어
104,2_104,4. 고급스러운 슬라이딩 도어
105,2_105,5. 용도에 따라 공간을 구획하는 슬라이딩 도어
106,2_106,6. 개방감을 최대화해 밝은 주방을 만드는 슬라이딩 도어
107,2_107,7. 기하학 패턴으로 모던한 느낌의 슬라이딩 도어
108,2_108,8. 좁고 긴 공간을 구획하는 슬라이딩 도어
109,2_109,9. 주변 공간과 시선을 좁히는 슬라이딩 도어
110,2_110,10. 연결성을 더하는 슬라이딩 도어
111,2_111,11. 프라이버시를 보호하는 컬러 슬라이딩도어
112,2_112,12. 포인트가 되는 슬라이딩 도어
113,2_113,13. 은은한 베이지 컬러 슬라이딩 도어
114,2_114,14. 따뜻함과 차가움이 조화로운
115,2_115,15. 세련미를 더하는 슬라이딩 도어
116,2_116,16. 탁 트인 개방감을 주는 슬라이딩 도어
117,2_117,17. 부드러운 느낌을 강화하는 슬라이딩 도어
118,2_118,18. 공간의 집중도를 높이는 슬라이딩 도어
119,2_119,1. 스카이 라이트가 있는 러스틱 주방
120,2_120,2. 대비감을 활용한 디자인
121,2_121,3. 벽돌로 장식한 공간
122,2_122,4. 블랙 가구와 거친 석재 벽의 조화
123,2_123,5. 이색 조합이 보여주는 매력
124,2_124,6. 자연 소재가 가지는 원초적인 화려함
125,2_125,7. 벽돌 벽의 비중을 높이다.
126,2_126,8. 불규칙한 비정형 석재 벽
127,2_127,9. 완벽한 대립감이 주는 아름다움
128,2_128,10. 자연미에 집중하다.
129,2_129,11. 빈티지 가구와 러스틱 스타일
130,2_130,12. 인더스트리얼 감각을 추가한 디자인
131,2_131,13. 칠판이 있는 주방
132,2_132,14. 여성미를 담아낸 디자인
133,2_133,15. 고급스러운 러스틱 스타일
134,2_134,16. 스톤에 집중하라
135,2_135,17. 쉽게 질리지 않는 심플 디자인
136,2_136,18. 빈티지한 멋스러움
137,2_137,19. 러스틱과 인더스트리얼의 중간
138,2_138,20. 모던 스타일의 비중을 높인 디자인
139,2_139,21. 효율성을 높이고 싶다면
140,2_140,"22. 세가지 소재, 세 가지 스타일"
141,2_141,23. 강렬한 레드 컬러
142,2_142,?1. 원하는 방향 확실히 찾기
143,2_143,?2. 업체 선택하기
144,2_144,?3. 업체와 절충안 찾기
145,2_145,?4. 주변 이웃에게 양해를 구할 것
146,2_146,?5. 리모델링 전 집안 정리는 필수
147,2_147,6. 리모델링 현장 점검 시간 갖기
148,2_148,1. 재료에 대한 고민
149,2_149,2. 레이아웃에 대한 고민
150,2_150,3. 주방기기 위치에 대한 고민
151,2_151,4. 환기에 대한 고민
152,2_152,5. 수납 방식에 대한 고민
153,2_153,1. 컨트리 스타일 주방
154,2_154,2. 미니멀리스트 스타일 주방
155,2_155,3. 화이트 톤 주방
156,2_156,4. 블랙 앤 화이트가 대비되는 주방
157,2_157,5. 모던 스타일 주방
158,2_158,6. 어두운 컬러의 주방
159,2_159,7. 넉넉한 크기의 주방
160,2_160,8. 원목으로 따뜻한 느낌의 주방
161,2_161,9. 타일로 포인트를 준 주방
162,2_162,10. 화이트 타일과 식물로 꾸민 주방
163,2_163,11. 스칸디나비안 스타일 주방
164,2_164,12. 나무 선반으로 공간을 활용한 주방
165,2_165,13. 다채로운 컬러가 매력적인 주방
166,2_166,1. 아일랜드 식탁과 조리대가 연결된 주방
167,2_167,2. 주방 가전이 수납된 디자인
168,2_168,3. 다양한 소재가 혼합된 디자인
169,2_169,4. 서재와 연결된 주방 디자인
170,2_170,5. 긴 다이닝 테이블이 중심이 되는 디자인
171,2_171,6. 원목으로 마감한 주방
172,2_172,7. 화이트 컬러의 오픈형 주방
173,2_173,8. 간소한 오픈형 주방
174,2_174,9. 대리석 조리대가 세련된 디자인
175,2_175,10. 컨트리 스타일의 오픈 주방
176,2_176,11. 원목 아일랜드 식탁이 싱그러운 주방
177,2_177,12. 벽에 포인트 컬러를 입힌 주방
178,2_178,13. 와인 애호가를 위한 주방
179,2_179,14. 밝아서 넓어보이는 주방
180,2_180,15. 모노톤의 모던한 주방
181,2_181,16. 패턴 타일로 개성을 입힌 주방
182,2_182,17. 복층 아래를 활용한 주방
183,2_183,18. 레드 컬러가 시선을 끄는 대담한 디자인
184,2_184,19. 실용적인 L자형 오픈 주방
185,2_185,20. 샹들리에가 우아함을 더하는 주방
186,2_186,"주택, 정원과 어울리는 스타일"
187,2_187,정원의 본질을 해치지 않는 이상적인 규모
188,2_188,넓은 식사 공간이 함께하는 심플한 구조
189,2_189,시멘트를 조형한 조리대와 테이블
190,2_190,고기를 구우며 즐기는 파티
191,2_191,"난방 장식, 음식 보온을 한꺼번에 해결하는 그루브"
192,2_192,다양한 조리 옵션
193,2_193,1. 근사한 홈 바 디자인
194,2_194,2. 간결하고 콤팩트한 바 테이블
195,2_195,3. 대면식 바 테이블
196,2_196,4. 창 옆에 자리한 바 테이블
197,2_197,5. 아일랜드형 바 테이블
198,2_198,6. 화이트 바 테이블
199,2_199,7. 스톤 바 테이블
200,2_200,8. ㄱ자 아일랜드형 바 테이블
201,2_201,9. 목제 바 테이블
202,2_202,10. 개방감을 더하는 바 테이블
203,2_203,11. 설치형 바 테이블
204,2_204,12. 효율적인 공간을 위한 바 테이블
205,2_205,13. 아일랜드와 연결된 바 테이블
206,2_206,14. 아일랜드 + 바 테이블 + 다이닝 테이블
207,2_207,15. 전문적인 느낌의 바 테이블
208,2_208,1. 거친 배경 속 사랑스러운 미니  주방
209,2_209,2. 식탁과 함께 구성한 콤팩트 주방 구조
210,2_210,3. 벽면을 따라 유연하게
211,2_211,"4, 작아도 아름다운 우드 주방"
212,2_212,5. 창가에 있는 소박한 주방
213,2_213,"6. 블랙, 화이트를 매치해 입체적으로"
214,2_214,7. 양 쪽으로 막혀 있는 미니 주방
215,2_215,1. 녹지가 펼쳐지는 싱그러운 주방
216,2_216,2. 자연광으로 더욱 화사하게
217,2_217,3. 빈티지 가구로 멋스럽게
218,2_218,4. 녹색 생기를 더하는 아이디어
219,2_219,5. 유연하게 움직이는 대형 테이블
220,2_220,6. 긴 테이블로 만든 오픈형 레이아웃
221,2_221,7. 주방에 감싸인 타원형 식탁
222,2_222,8. 아름다운 실루엣이 있는 주방
223,2_223,9. 포인트 요소들간의 절묘한 조화
224,2_224,10. 섬세한 균형미에 주목하라
225,2_225,11. 선택의 중요성
226,2_226,12. 조형미를 발산하는 나무
227,2_227,1. 이음매 없는 벽면을 위한 NO 몰딩
228,2_228,2. 원목 진열 선반
229,2_229,3. 패턴 타일
230,2_230,4. 가볍고 투명한 디자인
231,2_231,5. 뉴트럴 컬러
232,2_232,6. 경쾌함을 더한 인더스트리얼 스타일
233,2_233,7. 식물을 활용한 플랜테리어
234,2_234,8. 소통적인 주방 구조
235,2_235,9. 하이 테크놀로지
236,2_236,10. 펜던트 조명
237,2_237,1. 원목으로 제작한 조리대 및 싱크대
238,2_238,2. 크기가 다른 서랍으로 종류별로 수납
239,2_239,3. 미니멀 인테리어로 수납 해결
240,2_240,"4. 다양한 크기의 선반, 서랍으로"
241,2_241,"5. 다양한 바구니와 선반, 상자 등으로 수납"
242,2_242,6. 빈틈 하나 없는 수납공간
243,2_243,7. 병까지 수납할 수 있는 공간
244,2_244,8. 수납장의 문짝까지 수납용 선반으로
245,2_245,9. 문짝을 잡아당기면 선반이 나오는 수납장
246,2_246,"10. 물건도 채우고, 오븐도 함께 수납"
247,2_247,1. 작은 카페같은 주방
248,2_248,2. 천장 랙을 활용한 주방
249,2_249,3. 개폐가 가능한 주방
250,2_250,4. 전원적인 작은 주방
251,2_251,5. 깔끔하고 미니멀한 주방
252,2_252,6. 작은 갤러리가 된 주방
253,2_253,7. 선반을 활용한 주방
254,2_254,8. U자형 주방
255,2_255,9. 조리대와 다이닝 테이블이 결합된 주방
256,2_256,10. 인더스트리얼풍 주방
257,2_257,1. 목제 주방 가구
258,2_258,2. 목제 오픈 키친
259,2_259,3. 목제 선반을 가진 주방
260,2_260,4. 화이트 & 목재
261,2_261,5. 모던하게 표현한 목제 주방
262,2_262,6. 목제 대면식 주방
263,2_263,7. 목제 주방 아일랜드
264,2_264,8. 목제 헤링본 패턴
265,2_265,9. 건축가의 주방
266,2_266,10. 작아서 더욱 예쁜 주방
267,2_267,"1. 거실과 주방을 분리, 연결하는 역할"
268,2_268,2. 매혹적인 영감을 그려넣는 조명
269,2_269,3. 감각적인 흑백 대비 미니 바
270,2_270,4. 개성 있는 화려함
271,2_271,"5. 벽면, 조리대와 연결되는 디자인"
272,2_272,6. 모던 댄디 스타일
273,2_273,7. 세 가지 요소의 조화
274,2_274,8. 공간 활용도가 높은 디자인
275,2_275,9. 와일드한 이미지
276,2_276,10. 4인용 가족을 위한 주방
277,2_277,11. 풍경이 더해진 공간
278,2_278,12. 매력을 더해주는 장식 포인트
279,2_279,13. 금속 펜던트 조명으로 세련되게
280,2_280,14. 청초한 아름다움을 담은 미니멀 디자인
281,2_281,15. 자유롭고 경쾌하게
282,2_282,16. 대리석으로 그리는 곡선미
283,2_283,17. 미래 지향적인 3인용 바 디자인
284,2_284,18. 다함께 즐기는 파티 타임
285,2_285,19. 우아하고 고급스럽게
286,2_286,1. 주방과 다이닝 룸을 하나로
287,2_287,2. 편안한 분위기의 ㅡ 자 주방
288,2_288,3. 목재로 가득 채운 ㅡ 자 주방
289,2_289,4. 압축적인 디자인의 ㅡ 자 주방
290,2_290,5. 간단하고 실용적인 디자인의 주방
291,2_291,6. 우아한 분위기의 ㅡ 자 주방
292,2_292,7. 정겨운 분위기의 ㅡ 자 주방
293,2_293,8. 모던하면서도 따뜻한 느낌의 ㅡ 자 주방
294,2_294,9. 에클레틱 스타일의 ㅡ 자 주방
295,2_295,10. 여러 가지 색감의 타일로 따뜻함과 개성을 드러낸 ㅡ 자 주방
296,2_296,11. 선반과 결합한 ㅡ 자 주방
297,2_297,12. 깔끔한 분위기의 ㅡ 자 주방
298,2_298,13. 목재와 스테인리스의 조화가 인상적인 ㅡ 자 주방
299,2_299,14. 세련된 분위기의 ㅡ 자 주방
300,2_300,15. 흰색과 올리브색으로 연출한 ㅡ 자 주방
301,2_301,16. 작지만 아름다운 ㅡ 자 주방
302,2_302,17. 아기자기한 ㅡ 자 주방
303,2_303,1. 아담하지만 실속 있는 주방 인테리어
304,2_304,2. 매트 블랙 주방 인테리어
305,2_305,3. 콘트라스트 주방 인테리어
306,2_306,4. 포인트 컬러로 개성을 살린 주방 인테리어
307,2_307,5. 상부장을 측면에 배치한 주방 인테리어
308,2_308,6. 파티션으로 연출한 독립적인 주방 인테리어
309,2_309,7. 패턴 타일로 연출한 감각적인 주방 인테리어
310,2_310,1. 가장 쉬운 방법. 창문과 문 활용하기
311,2_311,"2. 빠르고 효과적으로, 환기 후드"
312,2_312,3. 허브 활용하기
313,2_313,4. 냄새를 지우려면 향을 내라
314,2_314,5. 강력한 천연 탈취제. 식초
315,2_315,6. 부드러운 커피향으로 대체하라
316,2_316,7. 냄새는 태우고 분위기는 돋우고
317,2_317,8. 녹차향으로 은은하게
318,2_318,1. 효율적인 레이아웃
319,2_319,2. 아름다운 오픈 주방
320,2_320,3. 효율성 200% 인더스트리얼 주방
321,2_321,4. 화이트 미니멀 스타일
322,2_322,5. 콤팩트한 디자인
323,2_323,6. 안정감 있는 식사 공간
324,2_324,7. 젊은 감각이 느껴지는 공간
325,2_325,8. 가열대가 있는 테이블
326,2_326,9. 우아하고 고급스럽게
327,2_327,10. 여유가 느껴지는 인테리어
328,2_328,11. 검은 대리석으로 임팩트있게
329,2_329,12. 소재가 주는 존재감
330,2_330,13. 산뜻하고 경쾌한 레드 포인트
331,2_331,14. 댄디한 느낌울 담아서
332,2_332,15. 직선과 곡선의 조화
333,2_333,1. 명화가 있는 주방
334,2_334,2. 개성만점 에클레틱 디자인 주방
335,2_335,3. 감각적인 팝아트 스타일
336,2_336,4. 여성미를 표현한 주방
337,2_337,5. 어디에나 잘 어울리는 심플 모던 스타일
338,2_338,6. 숲을 이미지화한 디자인
339,2_339,7. 여백이 주는 매력을 담은 공간
340,2_340,8. 자연미와 현대미의 조화
341,2_341,9. 대비감이 주는 아름다움
342,2_342,10. 소형 주방을 위한 아이디어
343,2_343,1. 따뜻한 느낌으로 연출한 주방
344,2_344,2. 유럽풍의 멋스러운 주방
345,2_345,3. 대리석으로 연출한 도시적인 주방
346,2_346,4. 실용적으로 설계한 인더스트리얼 오픈형 주방
347,2_347,5. 조명으로 악센트를 준 주방
348,2_348,6. 작은 홈카페로 연출한 주방
349,2_349,7. 정갈하게 연출한 주방
350,2_350,8. 미니 바를 강조한 11자형 주방
351,2_351,9. 미니멀하게 연출한 주방
352,2_352,10. 싱크볼이 독특한 주방
353,2_353,1. 유리 벽과 문으로 시선을 확대한 주방
354,2_354,2. 아일랜드 테이블이 만드는 다용도 공간
355,2_355,3. 여백과 바닥 장식을 포인트로
356,2_356,4. 모던과 컨트리 스타일의 완벽한 조화
357,2_357,5. 우드를 주인공으로
358,2_358,6. 햇빛과 공기가 잘 통하는 주방
359,2_359,7. 소녀 감성을 담아낸 디자인
360,2_360,8. 특정 부분에 집중하라
361,2_361,9. 실용적으로 결합한 레이아웃
362,2_362,10. 그레이 컬러로 통일감을 준 인테리어
363,2_363,거리에 이질감 없이 흡수된 주택 외관
364,2_364,고급스러운 소재와 세련된 디자인
365,2_365,기분 전환을 위한 인테리어 포인트
366,2_366,디자인뿐만 아니라 주거 효율을 고려한 설계
367,2_367,외부 환경과의 관계성을 고려한 공간 설계
368,2_368,간소하면서 다채로운 인테리어
369,2_369,심플한 침실
370,2_370,생활에 대한 배려가 느껴지는 설계
371,2_371,"1. 하나로, 모던하게"
372,2_372,2. 미니멀 클래식 스타일
373,2_373,3. 균형 감각으로 깔끔하게 연출하기
374,2_374,4. 대형 원룸이 떠오르는 공간
375,2_375,5. 폴딩 도어로 유연하게
376,2_376,6. 경계를 없앤 순백의 공간
377,2_377,7. 우드로 살린 통일감
378,2_378,8. 아일랜드 조리대로 깔끔하게 연결했다
379,2_379,9. 콤팩트한 디자인
380,2_380,10. 공간 효율성을 높여주는 바 테이블
381,2_381,11. 하나로 이어지는 가구
382,2_382,"12. 물리적 결합, 시각적인 독립성"
383,2_383,13. 상쾌함이 감도는 스칸디나비아 스타일
384,2_384,14. 개방적인 원룸 스튜디오
385,2_385,15. 공간을 넓혀주는 아이디어
386,2_386,"16. 수평으로, 수직으로 트여있는 구조"
387,2_387,17. 색으로 연결하는 공간 감각
388,2_388,18. 소형 원룸을 위하여
389,2_389,19. 단아함이 있는 공간
390,2_390,20. 완벽한 개방감을 즐기자
391,2_391,1. 비좁은 공간을 활용한 주방 디자인
392,2_392,2. 작은 주방일수록 스타일리시하게 연출하기
393,2_393,3. 간결해서 더 완벽한 미니멀 스타일
394,2_394,4. 주방 아일랜드를 대신해줄 높은 다이닝 테이블
395,2_395,5. 원목 판재를 활용한 주방 디자인
396,2_396,6. 폭이 좁은 공간엔 L자형 레이아웃
397,2_397,7. 세부 디테일에 포인트 주기
398,2_398,8. 밝은 색으로 화사하게 연출하기
399,2_399,9. 컬러 콘셉트는 간결하게 구성하기
400,2_400,10. 바닥재에 개성 더하기
401,2_401,1. 조리 동선을 고려한 목조 주방
402,2_402,2. 바처럼 연출한 주방
403,2_403,3. 산뜻함을 강조한 목조 주방
404,2_404,4. 그릇 장식 공간을 살린 주방
405,2_405,5. 목재로 미니멀하게 디자인한 주방
406,2_406,6. 원목의 자연스러움을 살린 주방
407,2_407,7. 벽돌과 목재가 조화를 이룬 주방
408,2_408,8. 자연 채광을 더한 목조 주방
409,2_409,9. 목재의 고풍스러움을 살린 주방
410,2_410,10. 모던한 디자인에 목재를 조합한 주방
411,2_411,11. 컬러감으로 매력을 더한 목조 주방
412,2_412,1. 아일랜드 조리대로 주방 영역 설정하기
413,2_413,2. 벽으로 깊은 공간감을 부여하는 주방
414,2_414,3. 식탁을 활용해 거실과 주방 사이의 영역 만들기
415,2_415,4. 책꽂이 겸 임시 벽을 설치해 식사 영역 구분하기
416,2_416,5. 벽 장식과 가구를 통한 주방 분리 디자인 아이디어
417,2_417,6. 개방적인 공간감을 유지하는 낮은 가구 디자인
418,2_418,1. 전용 공간 설계로 사용성을 높일 수 있다.
419,2_419,2. 독립된 인테리어 스타일을 만들 수 있다.
420,2_420,3. 여러 사람이 함께 조리할 수 있다.
421,2_421,4. 공간을 다양하게 활용할 수 있다.
422,2_422,5. 수납력이 풍부하다.
423,2_423,6. 요리의 집중력을 높인다.
424,2_424,1. 우드와 화이트의 완벽한 조화
425,2_425,2. 테라스를 마주하는 주방
426,2_426,3. 실용성을 강조한 모던 스타일
427,2_427,4. 시크한 매력을 보여주는 디자인
428,2_428,5. 감각적인 이미지와 함께
429,2_429,6. 식탁 역할에 무게 중심을 둔 아일랜드 테이블
430,2_430,7. 1+1 높낮이가 다른 디자인
431,2_431,8. 각각의 관점에서 편리하게
432,2_432,"1. 11자 동선, 기능 분리"
433,2_433,"2. 검은색 상판, 흰색과 검은색 선명한 대비"
434,2_434,3. 목재와 검은색의 대비
435,2_435,4. 다이닝 룸과 바짝 붙인 유기적인 동선
436,2_436,5. 시원한 공간감
437,2_437,6. 편안한 인상의 주방
438,2_438,7. 멋스러운 질감이 드러나는 주방
439,2_439,8. 간결하고 선명한 인상의 주방
440,2_440,9. 밝은색의 나무로 온화한 이미지를 그려낸 주방
441,2_441,1. 파티션으로 살짝 가린 오픈 키친
442,2_442,2. 정원과 마주한 오픈 키친
443,2_443,3. 생활 공간으로부터 분리된 오픈 키친
444,2_444,4. 물 흐르듯 유연한 공간이 돋보이는 오픈 키친
445,2_445,5. 다채로운 재료들이 모여 완성한 오픈 키친
446,2_446,6. 깔끔하고 직관적인 주방 레이아웃
447,2_447,7. 온기를 가득 머금은 오픈 키친
448,2_448,8. 간결하게 꾸민 오픈 키친
449,2_449,9. 때로는 과감하게!
450,2_450,10. 대리석 오픈 키친
451,2_451,11. 빈티지 스타일 오픈 키친
452,2_452,12. 작은 기능까지 고려한 오픈 키친
453,2_453,13. 유쾌한 오픈 키친 스타일
454,2_454,14. 자연 소재와 파스텔 색상의 만남
455,2_455,"15. 심플함의 대명사, 블랙 & 화이트"
456,2_456,1. 동선 그려보기
457,2_457,2. 주방 수납장 디자인의 중요성
458,2_458,3. 아일랜드 조리대 선택하기
459,2_459,4. 바 테이블 활용하기
460,2_460,5. 창문의 중요성
461,2_461,6. 여유로운 통로를 확보하라
462,2_462,1. 인더스트리얼 스타일의 카운터 통합형 주방
463,2_463,2. 카운터와 조리대를 함께 둔 주방
464,2_464,3. 빨간색 포인트의 미니멀 주방
465,2_465,4. 산뜻한 인상의 미니멀 주방
466,2_466,5. 러스틱 스타일이 건네는 소박한 주방
467,2_467,6. 흰색과 부드러운 파란색의 색감 대비
468,2_468,7. 클래식과 모던 스타일의 조화
469,2_469,8. 낭만적인 분위기의 주방
470,2_470,9. 편안하고 아늑한 주방
471,2_471,10. 미래적인 분위기의 주방
472,2_472,11. 안정적이고 단아한 느낌의 주방
473,2_473,1. 커트러리 전용 서랍을 마련하자. 언제든지 손쉽게 이용할 수 있도록 각각 종류별로 정리해야 한다.
474,2_474,"2. 접시와 대접 등 각종 식기를 수납할 때는 무작정 쌓기 보다, 각각 알아보기 쉽게 세로로 정리하자."
475,2_475,3. 수납장 문 뒷편의 공간도 놓치지 말고 수납 공간으로 활용하자.
476,2_476,"4. 주방 아일랜드 테이블 아래에도 수납 공간을 확보하자. 좋아하는 요리책을 비치해둔다면, 더욱 쉽게 찾아볼 수 있다."
477,2_477,5. 우리집 주방에 딱 맞춘 시스템 싱크대로 넉넉한 수납 공간을 확보할 수 있다.
478,2_478,"6. 싱크대의 작은 틈도 놓치지 않고, 쟁반을 수납했다."
479,2_479,"7. 천편일률적인 싱크대 디자인에 질렸다면, 나무 선반을 이용해보자."
480,2_480,8. 싱크대 상부장의 문을 상하 개폐식으로 달아보자. 물건을 용이하게 꺼낼 수 있다.
481,2_481,1
482,2_482,2
483,2_483,3
484,2_484,4
485,2_485,5
486,2_486,6
487,2_487,7
488,2_488,8
489,2_489,9
490,2_490,10
491,2_491,11
492,2_492,1
493,2_493,2
494,2_494,3
495,2_495,4
496,2_496,5
497,2_497,6
498,2_498,7
499,2_499,8
500,2_500,9
501,2_501,10
502,2_502,11
503,2_503,12
504,2_504,13
505,2_505,14
506,2_506,15
507,2_507,16
508,2_508,17
509,2_509,18
510,2_510,19
511,2_511,1. 콤팩트한 디자인
512,2_512,2. 편리하게 음료를 마실 수 있는 테이블
513,2_513,3. 미니멀 디자인으로 연출하는 세련된 스타일
514,2_514,4. 편안하고 여유로운 시간을 위해
515,2_515,5. 아일랜드 조리대를 길게 뺀 테이블
516,2_516,6. 키를 조절할 수 있는 친절한 디자인
517,2_517,7. 강한 색감으로 화려하게
518,2_518,8. 얼굴을 마주하는 즐거운 시간
519,2_519,9. 와인을 즐기는 공간
520,2_520,10. 생동감 넘치는 미니 바
521,2_521,11. 여유로운 공간을 적극 활용한 디자인
522,2_522,12. 매니쉬한 아름다움을 담아
523,2_523,13. 나무의 묵직한 존재감
524,2_524,1
525,2_525,2
526,2_526,3
527,2_527,4
528,2_528,5
529,2_529,6
530,2_530,7
531,2_531,8
532,2_532,9
533,2_533,11
534,2_534,12
535,2_535,13
536,2_536,14
537,2_537,15
538,2_538,16
539,2_539,17
540,2_540,1
541,2_541,2
542,2_542,3
543,2_543,4
544,2_544,5
545,2_545,6
546,2_546,7
547,2_547,8
548,2_548,9
549,2_549,10
550,2_550,11
551,2_551,12
552,2_552,13
553,2_553,14
554,2_554,15
555,2_555,16
556,2_556,17
557,2_557,18
558,2_558,19
559,2_559,20
560,2_560,1. 조리대 고정형 도마
561,2_561,2. 주방 분위기를 확실하게 바꾸는 방법
562,2_562,3. 소형 냉장고로 편리하게
563,2_563,4. 벽면 여백에 만드는 선반
564,2_564,5. 좁은 틈새 공간은 당기는 선반으로
565,2_565,6. 모서리 서랍 아이디어
566,2_566,7. 원형으로 잡아빼는 시스템 선반
567,2_567,8. 아일랜드 조리대 안쪽을 활용하라
568,2_568,9. 장식장이 되는 오픈형 선반
569,2_569,10. 우드로 주는 통일감
570,2_570,11. 사선으로 마감하는 코너장
571,2_571,12. 벽 속에 숨어있는 수납장
572,2_572,13. 공간 효율성을 높이는 이동형 조리대
573,2_573,14. 오픈 주방과 독립형 주방의 장점만 쏙쏙
574,2_574,15. 여가 생활을 함께하는 주방
575,2_575,1
576,2_576,2
577,2_577,3
578,2_578,4
579,2_579,5
580,2_580,6
581,2_581,7
582,2_582,8
583,2_583,9
584,2_584,10
585,2_585,11
586,2_586,12
587,2_587,13
588,2_588,14
589,2_589,15
590,2_590,16
591,2_591,17
592,2_592,18
593,2_593,1. 세련된 모던 주방
594,2_594,2. 발코니와 마주한 주방
595,2_595,3. 아름다운 야외 풍경
596,2_596,4. 깔끔하게 정리한 주방
597,2_597,5. 정원과 이어지는 주방
598,2_598,6. 심플한 주방 인테리어
599,2_599,7. 난로식 환기구
600,2_600,8. 넓고 깊은 공간
601,2_601,9. 재미있는 조명 아이디어
602,2_602,10. 시원한 공간감의 주방
603,2_603,11. 큰 창문이 있는 모던 주방
604,2_604,12. 독특한 주방 인테리어
605,2_605,13. 슬라이딩 도어
606,2_606,14. 컨트리 스타일 인테리어
607,2_607,1. 여러 사람의 동선에 초점을 둔 주방
608,2_608,2. 스테인리스 스틸 주방 인테리어
609,2_609,3. 분리되어서 더욱 쾌적한 갤러리형 주방
610,2_610,4. 길게 연장된 아일랜드 상판
611,2_611,5. 최적의 삼각 동선을 선사하는 병렬형 주방
612,2_612,6. 꼭 필요한 기능만 담은 화이트 주방 인테리어
613,2_613,7. 일자형 주방과 작은 다이닝 테이블
614,2_614,8. 빈틈없이 채운 주방 상부장
615,2_615,9. 맞춤 제작해서 더욱 특별한 빌트인 주방
616,2_616,10. 아늑함을 선사하는 천연 소재
617,2_617,11. 차분하고 안정된 분위기의 주방
618,2_618,12. 주방의 분위기를 180도 전환하는 주방 조명
619,2_619,1. 개방적인 오픈 플랜
620,2_620,2. 조리가 가능한 아일랜드 테이블
621,2_621,3. T자형 주방
622,2_622,4. 단순하지만 강렬한 주방
623,2_623,5. 깔끔한 모노톤 인테리어
624,2_624,1. 시스템 키친이란
625,2_625,2. 분리형 주방이란
626,2_626,3. 통일감을 주는 깔끔한 디자인
627,2_627,"4. 어떤 형태, 규모의 주방에도 딱 들어맞는 맞춤형 시스템"
628,2_628,"5. 유지, 관리, 청소가 쉬운 실용성"
629,2_629,6. 스타일리쉬한 모습으로 오픈형 주방에도 OK
630,2_630,1. 클래식과 미니멀의 만남. 온기가 있는 디자인
631,2_631,2. 고풍스러운 자연미. 오크 나무로 채운 주방
632,2_632,3. 화사한 분위기가 감도는 공간
633,2_633,4. 새하얀 설원같은 이미지
634,2_634,5. 초현실적인 미니멀리스트 스타일
635,2_635,6. 차분한 분위기의 모노톤 주방
636,2_636,7. 포인트가 있는 모노톤 모던 주방
637,2_637,8. 부드러운 질감을 강조한 주방
638,2_638,1. 주방의 영역을 그리는 조리대
639,2_639,2. 분위기를 좌우하는 조명
640,2_640,3. 컨셉을 잡아주는 바닥재
641,2_641,4. 개성을 살려주는 장식 타일
642,2_642,5. 창문의 위치와 크기
643,2_643,6. 기능성을 좌우하는 수납 효율성
644,2_644,7. 스타일을 살려주는 주방 가전제품
645,2_645,1. 모던 미니멀 디자인
646,2_646,2. 거실 책장으로 활용하기
647,2_647,3. 두 가지 수납 형태
648,2_648,4. 식탁으로 이어지는 넓은 조리대
649,2_649,5. 식탁에 중점을 둔 디자인
650,2_650,6. 조리대에 서랍을 짜넣은 파란 주방
651,2_651,7. 와인바가 함께 하는 주방
652,2_652,8. 선반과 파티션 기능을 추가한 조리대
653,2_653,1. 흰색으로 만든 자그마한 주방 공간
654,2_654,2. 모던 디자인의 반 오픈 주방
655,2_655,3. 벽돌 벽으로 반 오픈된 스칸디나비아 스타일의 주방
656,2_656,4. 자연스럽고 산뜻하게 표현한 반 오픈 주방
657,2_657,5. 낭만적이고 사랑스러운 반 오픈 주방
658,2_658,6. 밝고 깨끗한 이미지의 반 오픈 주방
659,2_659,7. 간결해서 멋스러운 반 오픈 주방
660,2_660,1. 싱크대 여백 완벽하게 활용하기
661,2_661,2. 맞는 수납칸을 찾아라
662,2_662,3. 벽면에 만든 붙박이 수납장
663,2_663,4. 공간 효율성을 높여주는 틈새 선반
664,2_664,5. 맞춤형 서랍 칸막이
665,2_665,6. 병에 들어있는 식료품 보관하기
666,2_666,7. 예민한 아이템. 와인잔 보관 팁
667,2_667,1. 감각적인 컬러포인트 테이블
668,2_668,2. 빌트인 주방
669,2_669,3. 아기자기하고 실용적인 수납 아이디어
670,2_670,4. 깔끔한 색상의 가정적인 주방
671,2_671,5. 깔끔하게 정리한 작은 주방
672,2_672,6. ㄷ자형 주방
673,2_673,7. 아일랜드형 주방
674,2_674,8. 간단하지만 실용적인 주방
675,2_675,"1. 냉장고 탈취, 소독 아이디어"
676,2_676,"2. 원인 제거가 기본, 향기는 꽃으로"
677,2_677,3. 식자재로 향기 내기
678,2_678,4. 실시간 냄새를 빼주는 환기 시스템
679,2_679,5. 식자재를 손질하는 도마 관리하기
680,2_680,6. 불쾌한 냄새가 고이는 플라스틱 용기 관리
681,2_681,7. 손에 벤 냄새를 효과적으로 제거해주는 쇠 비누
682,2_682,8. 향긋한 주방을 만드는 요리 재료
683,2_683,1. 조리대는 창가 쪽에 계획하기
684,2_684,2. 공간을 넓어 보이게 연출하는 거울
685,2_685,3. 작고 아담한 다이닝 가구
686,2_686,4. 단색에 집중하라
687,2_687,5. 화이트 인테리어
688,2_688,6. 빈티지 & 인더스트리얼 소품
689,2_689,7. 높은 다이닝 테이블 활용하기
690,2_690,8. 작은 키친바
691,2_691,9. 아담한 주방에 어울리는 파스텔 인테리어
692,2_692,10. 질감이 살아있는 블랙 인테리어
693,2_693,11. 미니멀 스타일의 주방
694,2_694,12. 수납장 속에 숨은 주방
695,2_695,13. 어느 스타일에도 어울리는 원목 소재
696,2_696,14. 움직이는 주방 아일랜드
697,2_697,15. 생활에 필요한 모든 기능을 갖춘 주방
698,2_698,16. 수납장 손잡이의 힘
699,2_699,17. 주방 포인트 벽면
700,2_700,1. 친숙한 색상 조합
701,2_701,2. 재밌는 포인트벽
702,2_702,3. 따뜻한 파스텔톤 주방
703,2_703,4. 대비와 기하학 무늬
704,2_704,5. 넓고 모던한 주방
705,2_705,6. 각 요소가 통통 튀는 주방
706,2_706,7. 우아한 악세서리
707,2_707,8. 미니멀 스타일 주방
708,2_708,9. 우아한 주방 타일
709,2_709,10. 아일랜드형 주방
710,2_710,11. 소소하지만 큰 차이를 만드는 손잡이
711,2_711,12. 작은 주방
712,2_712,1. 하얀색의 깔끔한 디자인
713,2_713,2. 단정함을 더한 나무 프레임
714,2_714,3. 미니멀한 스타일의 유리 도어
715,2_715,4. 통유리로 되어 있는 철제 도어
716,2_716,5. 내추럴한 주방 디자인과 반대
717,2_717,6. 조리공간을 나누는 슬라이딩 도어
718,2_718,7. 거울로 된 도어로 완전히 분리
719,2_719,8. 블라인드 형태의 슬라이딩 도어
720,2_720,9. 수납공간을 가로막는 유리 문
721,2_721,10. 불투명한 유리로 안정적이게
722,2_722,11. 부드럽고 우아한 디자인의 도어
723,2_723,12. 아름다운 디자인을 갖춘 도어
724,2_724,1. 전통적으로 가장 사랑받아왔던 재질: 타일
725,2_725,2. PVC (poly vinyl chloride: 폴리염화비닐)
726,2_726,3. 리놀륨 바닥재
727,2_727,4. 목제 바닥재
728,2_728,5. 래미네이트 바닥재
729,2_729,6. 천연 석제 바닥재
730,2_730,1. 모듈러(조립식) 주방
731,2_731,2. 다이닝 룸과 주방을 하나로
732,2_732,3. 아틀리에 분위기의 주방
733,2_733,4. ㄷ자 동선의 주방
734,2_734,5. 넉넉한 수납공간을 숨긴 주방
735,2_735,6. 밝고 화사한 주방
736,2_736,7. 미니멀 디자인 주방
737,2_737,8. 벽 안에 숨긴 주방
738,2_738,9. 두 가지 이상의 스타일을 혼합한 주방
739,2_739,10. 러스틱 분위기의 주방
740,2_740,11. 다채로운 주방
741,2_741,12. 신비한 분위기의 주방
742,2_742,13. 나무 특유의 온화함이 담긴 주방
743,2_743,14. 소박하면서도 개성 넘치는 주방
744,2_744,15. 복고풍의 주방
745,2_745,16. 과감한 디자인에 도전한 주방
746,2_746,17. 실용성을 강조한 주방
747,2_747,18. 산뜻한 느낌의 주방
748,2_748,19. 산장 오두막에 들어온 듯한 분위기를 건네는 주방
749,2_749,"20. 대비, 대조를 이루는 질감과 색감에 주목한 주방"
750,2_750,21. 전통과 모던 사이의 분위기를 그려낸 주방
751,2_751,22. 인더스트리얼 스타일의 주방
752,2_752,23. 자유롭고 소통이 오가는 분위기의 주방
753,2_753,24. 조명을 포인트로 활용한 주방
754,2_754,25. 화사한 색으로 포인트로 준 주방
755,2_755,26. 클래식한 분위기의 주방
756,2_756,1. 미니멀리즘 스타일 기반의 주방
757,2_757,2. 부족한 수납공간은 수직적으로 해결하는 것도 방법
758,2_758,3. 흰색만 답인 것은 아님을 보여준 주방
759,2_759,4. 작아도 알찬 느낌의 미니멀 스타일 주방
760,2_760,5. 높이를 활용해 감각적으로 연출한 주방
761,2_761,6. 주방을 예술 작품처럼
762,2_762,7. 개성 넘치는 공간 분위기를 완성한 주방
763,2_763,8. 기능에 충실한 주방
764,2_764,9. 기타 실내 공간과 통합된 디자인의 주방
765,2_765,1. 주방 청소는 미루지 말고 바로 바로
766,2_766,2. 정기적으로 냉장고 청소하기
767,2_767,3. 전자 레인지 청소법
768,2_768,4. 조리대는 항상 깨끗한 상태로 유지하기
769,2_769,5. 쓰레기 버리는 간격 좁히기
770,2_770,6. 걸레와 행주 위생적으로 관리하기
771,2_771,1. 아늑하고 세련된 타일 인테리어
772,2_772,2. 부드러운 색감이 돋보이는 주방
773,2_773,3. 간결해서 더욱 멋스러운 주방 인테리어
774,2_774,4. 공간을 환하게 비추는 조명 인테리어
775,2_775,5. 타일과 원목의 만남
776,2_776,6. 바닥 타일로 개성을 살린 주방
777,2_777,7. 도시적 감성을 담은 모노톤 인테리어
778,2_778,8. 기능적인 레이아웃과 편리한 동선을 제공하는 주방
779,2_779,9. 꼭 필요한 기능만 담은 주방 인테리어
780,2_780,10. 원목의 온기를 담은 주방 공간
781,2_781,11. L자형 주방 레이아웃
782,2_782,12. 민트색으로 포인트를 준 주방
783,2_783,13. 시크함과 온화함을 담은 주방 인테리어
784,2_784,1. 여성스러운 느낌을 선호한다면
785,2_785,2. 여유 있는 공간에 꾸미는 오픈 주방+다이닝룸
786,2_786,3. 정석을 깨는 매치로 세련되게
787,2_787,4. 작지만 큰 조명 효과
788,2_788,5. 신선한 이미지를 주는 타일 디자인
789,2_789,6. 작은 주방의 해답. 수직 공간
790,2_790,7. 담백한 매력. 모던 인더스트리얼
791,2_791,8. 여유가 느껴지는 섬세한 손길
792,2_792,1. 메트로 타일과 오픈 선반을 활용해 감각적으로 꾸민 주방
793,2_793,2. 이국적이고 고급스러운 분위기의 주방
794,2_794,3. 단아한 멋의 화이트 키친
795,2_795,4. 좁은 공간도 넓어 보이게 만드는 L자형 주방
796,2_796,5. 원목으로 부드러운 분위기를 더한 스칸디나비아풍 주방
797,2_797,6. 원목으로 통일감을 준 주방
798,2_798,7. 세련된 카페 같은 L자형 주방과 다이닝공간
799,2_799,8. 여유로운 분위기를 연출하는데 탁월한 L자형 주방
800,2_800,1. 벽면에 주목하자. 열린 느낌의 선반 설치하기
801,2_801,2. 수납장에 거울 부착하기
802,2_802,3. 미니멀 디자인의 수납장을 만들자.
803,2_803,4. 페인트칠하기
804,2_804,5. 조미료통 등 사용하는 주방 소품을 리폼하자.
805,2_805,6. 매트에 주목하자.
806,2_806,7. 조명 기구에 주목하자.
807,2_807,8. 주방 벽면 타일에 주목하자.
808,2_808,9. 벽지에 주목하자.
809,2_809,10. 손잡이를 바꾸자.
810,2_810,1. 화이트 컬러 메트로 타일
811,2_811,2. 화사한 지중해풍 타일
812,2_812,3. 소박한 멋이 깃든 컨트리풍 타일
813,2_813,4. 세련된 감각을 뽐내는 타일
814,2_814,5. 청량한 느낌의 블루컬러 모자이크 타일
815,2_815,6. 주방에 포인트가 되는 민트 컬러 부분 타일
816,2_816,7. 타일과 함께 풍부한 공간감을 만드는 주방 벽 디자인
817,2_817,"1. 기본 중의 기본, 블랙 앤 화이트"
818,2_818,2. 고급스러운 와인 색상 더하기
819,2_819,3. 따뜻하고 내추럴한 나무
820,2_820,4. 수납공간 확보로 깔끔한 주방
821,2_821,5. 밝은 분위기의 화이트 디자인
822,2_822,6. 클래식한 유럽풍 디자인
823,2_823,7. 모던함을 업그레이드하는 조명
824,2_824,8. 바 분위기의 작은 주방 디자인
825,2_825,9. 심플함이 매력적인 포인트
826,2_826,10. 장점이 많은 아일랜드 공간
827,2_827,1. 작지만 강한 주방 디자인에 주목하라
828,2_828,2. 폭이 좁은 주방엔 병렬형 레이아웃을!
829,2_829,3. 식탁의 용도는 언제나 변할 수 있다.
830,2_830,4. 진열 선반 달아보기
831,2_831,5. 주방 조리대와 연결된 식탁
832,2_832,6. 작은 주방일수록 간결하고 깔끔하게!
833,2_833,1. 측면으로 꺾어들어가는 구조
834,2_834,2. 높은 수납장으로 대신한 파티션
835,2_835,3. 오픈형 레이아웃과 돌출된 내벽
836,2_836,4. 공간을 유연하게 만드는 슬라이딩 도어
837,2_837,5. 어긋나는 각도와 아일랜드 바의 합작품
838,2_838,6. 안정감을 주는 내벽 구조
839,2_839,7. 탁 트인 전망을 자랑하는 미니 주방
840,2_840,8. 내벽을 연장해 확보한 독립성
841,2_841,9. 복도 끝으로 꺾어들어가는 구조
842,2_842,10. 긴 구조와 수납장으로 적절하게 가린 공간
843,2_843,11. 투명한 유리 벽
844,2_844,1. 주방 리모델링 방향부터 잡기
845,2_845,2. 철거비용을 절약하라
846,2_846,3. 살릴 수 있는 건 살리자!
847,2_847,4. 주방 수납장 문 교체하기
848,2_848,5. 타일은 꼭 필요한 부분에만!
849,2_849,6. 주방 조명에 투자하자!
850,2_850,7. 배관은 될 수 있는 대로 건드리지 말자.
851,2_851,8. 감각적인 주방 아일랜드 석제 상판
852,2_852,9. 남은 자재가 있다면 적극적으로 활용하기
853,2_853,10. 	중고 전자제품 눈여겨보기
854,2_854,11. 기존 구조의 장점을 살리자.
855,2_855,12. 주방 바닥재 교체는 신중하게 결정하기
856,2_856,1. 슬라이딩 도어 안쪽의 수납공간
857,2_857,2. 분위기 있는 클래식한 수납공간
858,2_858,3. 오픈 키친을 위한 선반 수납공간
859,2_859,4. 독특한 모양의 캐비닛 수납공간
860,2_860,5. 남는 벽에 수납공간 채워넣기
861,2_861,6. 밝은 분위기의 캐비닛 수납공간
862,2_862,7. 다용도의 긴 나무 테이블
863,2_863,8. 분위기 있는 우아한 스타일
864,2_864,9. 아일랜드 공간에 담긴 수납공간
865,2_865,10. 조리공간 위아래 모두 수납공간
866,2_866,1. 부드러운 온기를 담은 주방
867,2_867,2. 모던 컨트리 스타일
868,2_868,3. 실용적인 수납 아이디어
869,2_869,4. 우아한 주방 인테리어
870,2_870,5. 깔끔한 화이트 주방
871,2_871,6. 차분하게 꾸민 주방
872,2_872,7. 고급스럽고 우아한 주방 인테리어
873,2_873,8. 개성이 톡톡 튀는 주방
874,2_874,1. 공간 활용 200% 확장형 조리대
875,2_875,2. 전체 효율성을 책임지는 수납 시스템
876,2_876,3. 병을 세워놓을 수 있는 맞춤형 선반
877,2_877,4. 조리대 하단부에 만드는 수납장
878,2_878,"5, 아이와 어른 모두에게 유용한 칠판 문"
879,2_879,6. 작은 주방을 넓게 만들어 주는 다기능 가구
880,2_880,7. 모서리에 만드는 바(Bar)
881,2_881,1. 불투명 유리 미닫이문으로 여닫는 주방과 다이닝 룸
882,2_882,2. 투명 유리 미닫이문으로 여닫는 주방과 다이닝 룸
883,2_883,3. 반투명 미닫이문으로 여닫는 주방과 다이닝 룸
884,2_884,4. 클래식 디자인의 미닫이문으로 여닫는 주방과 실내 공간
885,2_885,5. 투명 유리와 나무 프레임의 미닫이문으로 여닫는 주방과 실내 공간
886,2_886,6. 밝은 회색을 입은 투명 미닫이문으로 주방과 다이닝 룸 분리
887,2_887,"7. 클래식 디자인, 절제된 고급스러움을 담은 미닫이문"
888,2_888,8. 접이식 문에 가까운 아이디어로 주방과 다이닝 룸 분리
889,2_889,9. 빈티지 디자인의 미닫이문
890,2_890,10. 흰색 프레임의 유리 미닫이문
891,2_891,11. 순수하게 경계를 그리는 유리 미닫이문
892,2_892,12. 고풍스러운 분위기를 이어갈 짙은 색 나무의 미닫이문
893,2_893,13. 클래식과 모던이 만난 공간의 경계
894,2_894,1. 깔끔한 화이트 주방
895,2_895,2. 밝은 나무 색상
896,2_896,3. 세련된 조명 아이디어
897,2_897,4. 감각적인 흑백 조합
898,2_898,5. 싱크대의 포인트 벽
899,2_899,6. 자연스러운 공간 분리
900,2_900,7. 베이지&화이트 주방
901,2_901,8. 아일랜드형 주방
902,2_902,9. 전통과 모던의 조화
903,2_903,10. 블랙&화이트
904,2_904,11. 고급스러운 분위기의 주방
905,2_905,12. 실용적인 천장 선반
906,2_906,1. 오버헤드 수납공간의 확보
907,2_907,2. 함께 요리할 수 있는 공간
908,2_908,3. 가운데 공간의 활용 가능성
909,2_909,4. 여러 소재로 다양한 스타일
910,2_910,L자형 주방의 단점 : 공간 차지
911,2_911,L자형 주방의 단점 보완책
912,2_912,1. 부적절한 레이아웃 선택
913,2_913,2. 조화롭지 않은 색상 선택
914,2_914,3. 부족한 조명으로 불편함
915,2_915,4. 동선을 방해하는 요소들
916,2_916,5. 적절한 정도를 벗어난 패턴
917,2_917,6. 수납공간의 절대적인 부족
918,2_918,7. 편리한 보조 공간을 방치
919,2_919,8. 인테리어 소품의 부족함
920,2_920,9. 너무 비좁은 다이닝 공간
921,2_921,1. 개조 전: 리모델링을 하게 된 계기
922,2_922,2. 개조 전: 리모델링을 결정한 후 찾기 시작한 보완점
923,2_923,3. 개조 전: 답답한 열기가 느껴지던 공간
924,2_924,4. 개조 후: 개성을 드러낸 모던 스타일로의 변신
925,2_925,5. 개조 후: 목재와 노란색의 조화
926,2_926,6. 개조 후: 미니멀 디자인을 기반으로 한 수납공간 문제
927,2_927,7. 개조 후: 공간 활용도를 높이는 세부 디자인
928,2_928,"8. 개조 후: 자유로운 동선, 개방적인 분위기"
929,2_929,1.작지만 알차게 구성된 주방
930,2_930,2. 수납 걱정 없는 'ㄷ'자형 주방
931,2_931,3. 개성 넘치는 인더스트리얼풍 주방
932,2_932,"4. 편안한 공간, 원목 소재와 뉴트럴 컬러로 꾸민 주방"
933,2_933,5. 컬러풀한 수납장으로 스타일리쉬하게 꾸민 주방
934,2_934,6. 단조로운 벽에 생기를 부여하는 주방 선반 디자인
935,2_935,7. 모던하지만 편안한 분위기까지 놓치지 않는 센스 만점 주방
936,2_936,1. 기본 콘셉트 및 분위기: 가족 친화형 모던 주방
937,2_937,2. 짙은 회색계열의 주방 아일랜드: 단정한 포인트
938,2_938,3. 주방의 오른쪽 벽면은 커다란 창문으로
939,2_939,4. 화사함을 배가시키는 주방 가구 상판
940,2_940,5. 일체화된 디자인
941,2_941,6. 창문 쪽에서 바라본 주방
942,2_942,7. 모던 스타일의 범주 안에서 미니멀과 클래식의 앙상블
943,2_943,1. 조리대를 비워두자
944,2_944,2. 통일감을 주는 컬러로 주방을 꾸미자
945,2_945,"3. 위생적인 주방을 만드는 습관, 식기 세척기를 사용하자"
946,2_946,4. 빌트인 가전제품을 사용하자
947,2_947,5. 수직공간을 활용하자
948,2_948,6. 메모가 가능한 보드 설치
949,2_949,7. 오픈형 선반
950,2_950,8. 수납장 레이아웃
951,2_951,1. 아일랜드 공간을 놓치지 말자
952,2_952,2. 독특한 모양이라도 괜찮다
953,2_953,3. 작지만 완벽한 주방을 만들자
954,2_954,4. 다채로운 타일은 아름답다
955,2_955,5. 가리기보다는 개방적으로 만들자
956,2_956,6. 수납 형태는 생각보다 다양하다
957,2_957,7. 가능하다면 선반을 달아보자
958,2_958,8. 미니멀리즘은 실용적이다
959,2_959,1. 창문 너머의 자연미를 강조한 심플 스타일
960,2_960,2. 시크한 멋스러움
961,2_961,3. 나무 자체가 보여주는 아름다움
962,2_962,4. 가족 모두를 위한 공간 구성
963,2_963,5. 미니멀리스트 스타일이 표현하는 섬세함
964,2_964,6. 도시적인 세련미. 모던 스타일6
965,2_965,7. 감성적인 디테일
966,2_966,8. 소재로 표현하는 균형 감각
967,2_967,9. 독립된 레이아웃으로 개성 찾기
968,2_968,10. 매니쉬한 멋을 추구한다면. 블랙 미리멀리스트
969,2_969,11. 평면 디자인이 표현하는 우아함
970,2_970,12. 경쾌함이 있는 공간
971,2_971,1. 2.5평 주방
972,2_972,2. 2평 주방
973,2_973,3. 1평 미만의 주방
974,2_974,4. 1.3평 주방
975,2_975,5. 2평 주방
976,2_976,6. 1.75평 주방
977,2_977,7. 1.25평 주방
978,2_978,8. 1.85평 주방
979,2_979,9. 2.85평 주방
980,2_980,10. 1.25평 주방
981,2_981,11. 2.55평 주방
982,2_982,12. 1.85평 주방
983,2_983,13. 1.75평 주방
984,2_984,14. 1.85평 키친
985,2_985,15. 1.55 평 키친
986,2_986,1. 경제적으로 스타일을 전환하는 팁 -1
987,2_987,2. 경제적으로 스타일을 전환하는 팁 -2
988,2_988,3. 허브를 키우는 주방
989,2_989,4. 독립형 주방 응용하기5
990,2_990,5. 선반의 미한. 벽과 천장을 활용하라.
991,2_991,6. 원룸에서 유용한 주방
992,2_992,7. 초소형 주방은 오픈형으로
993,2_993,8. 최소한의 최대한의 기능성을 부여하는 주방 가구
994,2_994,1. 작지만 효율적인 미니 ㄷ자 주방
995,2_995,2. 화사한 화이트 미니 주방
996,2_996,3. 사랑스러운 이미지
997,2_997,4. 남는 공간 활용하기
998,2_998,5. 차분한 느낌의 브라운 주방
999,2_999,6. 온기를 주는 목조 주방
1000,2_1000,7. 서로 마주할 수 있는 공간
1001,2_1001,8. 기울어진 지붕에 맞춘 주방
1002,2_1002,9. 콜라주 타일로 살린 포인트
1003,2_1003,10.
1004,2_1004,11. 아기자기한 컬러 포인트
1005,2_1005,12. 아일랜드 조리대로 효율성을 높인 주방
1006,2_1006,13. 세 가지 요소의 조화로 완성한 주방
1007,2_1007,14. 클래식한 유럽 스타일
1008,2_1008,15. 화이트 미니멀리스트
1009,2_1009,16. 벽 속의 주방
1010,2_1010,1. 시선을 사로잡는 포인트 컬러
1011,2_1011,2. 빈 벽면을 활용하여 만든 와인 셀러
1012,2_1012,3. 다른 종류의 바닥재 매치해보기
1013,2_1013,4. 다른 종류의 스타일 매치해보기
1014,2_1014,5. 그리드 행거로 깔끔하게 정리하기
1015,2_1015,6. 바퀴 테이블
1016,2_1016,7. 유리 파티션으로 공간 분리하기
1017,2_1017,8. 주방의 얼굴을 바꿔주는 포인트 벽면
1018,2_1018,9. 천연석을 쌓아 만든 벽면
1019,2_1019,10. 파벽돌로 이국적인 느낌 자아내보기
1020,2_1020,장점 1: 요리에만 집중할 수 있다!
1021,2_1021,장점 2: 엉망진창인 주방도 문만 닫으면 깔끔!
1022,2_1022,장점 3: 연기나 냄새가 거실까지 퍼지지 않는다!
1023,2_1023,단점 1: 힘든 밥상 세팅 및 뒷정리
1024,2_1024,단점 2: 커뮤니케이션의 단절
1025,2_1025,단점 3: 충분한 채광 확보의 어려움
1026,2_1026,1. 창고를 리노베이션한 것 같은 주방
1027,2_1027,2. 대나무 숲에 자리 잡은 조용한 주방
1028,2_1028,3. 크림 커피처럼 부드러운 카페풍 주방
1029,2_1029,"4. 메인 싱크대의 참신한 배치, 편리한 인더스트리얼 주방"
1030,2_1030,5. 나무의 온기가 가득한 주방
1031,2_1031,1. 밝은 주방 분위기
1032,2_1032,2. 소통을 위한 주방
1033,2_1033,3. 멋진 인테리어를 연출하는 주방
1034,2_1034,4. 넓은 공간감
1035,2_1035,5. 깔끔하고 정겨운 느낌의 주방
1036,2_1036,1. 많은 수납공간에 초점을 맞춘 ㄷ자 주방
1037,2_1037,2. 스칸디나비아 스타일의 ㄷ자 동선 주방
1038,2_1038,3. 인더스트리얼 감각이 살아 있는 ㄷ자 동선 주방
1039,2_1039,4. 나무에 둘러싸인 포근함이 인상적인 ㄷ자 동선 주방
1040,2_1040,5. 실내 공간 전체에 통합된 흰색의 ㄷ자 동선 주방
1041,2_1041,6. 서로 다른 질감의 조화가 인상적인 ㄷ자 동선 주방
1042,2_1042,"7. 간이 식탁은 조금 더 높게, 감각적인 ㄷ자 동선 주방"
1043,2_1043,"8. 간이 식탁이 기대는 벽은 슬레이트로, 여유로운 분위기의 ㄷ자 동선 주방"
1044,2_1044,9. 과감하고 도전적인 ㄷ자 동선 주방
1045,2_1045,10. 공간의 경계를 따라가는 ㄷ자 동선 주방
1046,2_1046,11. 흰색 + 대리석으로 그려낸 우아한 ㄷ자 동선 주방
1047,2_1047,12. 산뜻한 분위기의 ㄷ자 동선 주방
1048,2_1048,13. 미래적인 분위기의 ㄷ자 동선 주방
1049,2_1049,14. 안정감과 무게감을 더한 ㄷ자 동선 주방
1050,2_1050,"15. 부드러운 질감의 남색, 복고풍의 바닥재가 그려낸 ㄷ자 동선 주방"
1051,2_1051,16. 작은 식당 같은 분위기의 ㄷ자 동선 주방
1052,2_1052,17. 추가 조명으로 독특한 분위기가 연출된 ㄷ자 동선 주방
1053,2_1053,"18. 검은색, 흰색 그리고 목재가 만난 ㄷ자 동선 주방"
1054,2_1054,1. 다이닝 바 겸 조리대 놓기
1055,2_1055,2. 스칸디나비아풍 간결한 주방
1056,2_1056,3. 미니멀리스틱 주방
1057,2_1057,4. 접이식 주방
1058,2_1058,5. 따뜻한 느낌의 우든 키친
1059,2_1059,6. 메트로 타일로 세련되게!
1060,2_1060,7. 공간 낭비 없는 주방 레이아웃
1061,2_1061,8. 모던하게 꾸민 메탈 & 화이트 컬러 주방
1062,2_1062,9. 화사한 옐로우 컬러 키친
1063,2_1063,10. 원목으로 통일감을 준 주방
1064,2_1064,11. 아트 갤러리 같은 주방 조명
1065,2_1065,12. 카페 같은 '11'자형 주방
1066,2_1066,"13. 부드러운 주방, 소파로 완성하자."
1067,2_1067,1. 우리 집 주방을 세심하게 관찰하라.
1068,2_1068,2. 개선이 필요한 부분을 나열해보자.
1069,2_1069,3. 과감하고 실험적으로 접근해보자.
1070,2_1070,4. 현실적이고 정확하게 예산을 계산해보자.
1071,2_1071,5. 필요 없는 주방 제품은 깔끔하게 포기하자.
1072,2_1072,6. 오래된 것과 새로운 것은 아름다운 조화를 이루어야 한다.
1073,2_1073,7. 자신이 없다면 전문가에게 조언을 구해보자.
1074,2_1074,"1. 세련함의 극치, 블랙 컬러 주방"
1075,2_1075,2. 답답하지 않게 구성한 주방
1076,2_1076,3. 발코니 공간까지 확장한 주방
1077,2_1077,4. 동선을 고려한 ㄷ자형 주방
1078,2_1078,5. 산뜻하게 꾸민 옐로우 컬러 주방
1079,2_1079,6. 주방 전자제품 빌트인으로 넓은 주방 만들기
1080,2_1080,"7. 취향 저격, 아기자기한 카페풍 주방"
1081,2_1081,8. 다이닝룸을 겸한 콤팩트 주방
1082,2_1082,9. 오픈 바 디자인
1083,2_1083,10. 키친 아일랜드로 이국적인 분위기를 더한 주방
1084,2_1084,"11. 심플하지만, 화사함까지 놓치지 않은 주방"
1085,2_1085,"12. 심플하게, 산뜻하게 꾸며낸 모던 키친"
1086,2_1086,13. 혼자 사는 이들을 위한 스타일리쉬한 주방
1087,2_1087,14. 수납을 최대화한 주방 디자인
1088,2_1088,15. 클래식하게 꾸민 주방
1089,2_1089,16. 소통하는 오픈 키친 인테리어
1090,2_1090,17. 공간 활용 극대화한 모던 주방
1091,2_1091,18. 내츄럴하게 꾸민 주방
1092,2_1092,19. 입맛을 돋구는 오렌지 컬러 L자형 주방
1093,2_1093,20. 질리지 않는 뉴트럴톤 주방
1094,2_1094,21. 환기에 중점을 둔 주방
1095,2_1095,1. 포인트 색상
1096,2_1096,2. 선반 추가하기
1097,2_1097,3. 나무 선반
1098,2_1098,4. 칠판 벽
1099,2_1099,5. 자석 벽
1100,2_1100,6. 큐빅 상자
1101,2_1101,7. 감각적인 조명
1102,2_1102,8. 오픈 수납
1103,2_1103,9. 화분 인테리어
1104,2_1104,10. LED 간접 조명
1105,2_1105,1. 붙박이 주방
1106,2_1106,2. 아일랜드 카운터
1107,2_1107,3. 안정감 있는 주방
1108,2_1108,4. 다락방 주방
1109,2_1109,5. T자형 아일랜드 카운터
1110,2_1110,6. 실용적인 맞춤 주방
1111,2_1111,7. 다양한 수납 공간
1112,2_1112,8. 공간을 최대한 활용하는 방법
1113,2_1113,9. 심플하고 세련된 주방
1114,2_1114,10. 밝은 색상
1115,2_1115,11. 감각이 넘치는 주방
1116,2_1116,12. 숨겨진 주방
1117,2_1117,13. 색상을 통한 구성
1118,2_1118,14. 러스틱 스타일
1119,2_1119,15. 심플하고 밝은 주방
1120,2_1120,16. 상쾌한 주방 분위기
1121,2_1121,17. 심플하고 세련된 주방
1122,2_1122,18. 따뜻한 분위기의 주방
1123,2_1123,19. 광택 재질
1124,2_1124,20. 붙박이 주방
1125,2_1125,21. 친근한 주방
1126,2_1126,1. 클러스터링 : 전체적으로 조화롭게
1127,2_1127,2. 독특한 타일 : 포인트로만 이용하자
1128,2_1128,3. 오픈 선반 : 또 하나의 디스플레이 공간
1129,2_1129,4. 하얀색 벽 : Simple is the best
1130,2_1130,5. 편리한 배치 : 자연스러운 동선의 흐름
1131,2_1131,6. 색깔 포인트 : 주변 환경과 어울리도록
1132,2_1132,7. 색상과 패턴 : 겁내지 말고 시도해 보자
1133,2_1133,8. 예산 확인 : 각각의 비용을 확인하자
1134,2_1134,9. 통로 확보 : 사람이 지나다닐 수 있도록
1135,2_1135,10. 포인트 더하기 : 딱 하나에만 집중하자
1136,2_1136,11. 행거 이용 : 자주 사용하는 물건을 걸자
1137,2_1137,12. 생활 공간 : 주방을 최대한 활용하는 방법
1138,2_1138,1. 사랑스러움이 녹아있는 컨트리 스타일 주방
1139,2_1139,2. 톤을 낮춘 우드 주방의 멋
1140,2_1140,3. 개방적인 분위기를 보여주는 오픈 수납장
1141,2_1141,4. 조명 디자인의 마법
1142,2_1142,5. 고급스러운 느낌을 원한다면
1143,2_1143,6. 색으로 포인트를 살린 흰색 주방
1144,2_1144,7. 곡선이 있는 모서리
1145,2_1145,8. 사랑스러운 타일 아이템
1146,2_1146,9. 개성이 강항 검은색 주방
1147,2_1147,10. 스테인레스 스틸과 흰색의 조화
1148,2_1148,11. 냉장고도 훌륭한 장식 아이템이 될 수 있다.
1149,2_1149,12. 다양한 매력을 가진 우드
1150,2_1150,13. 심플하지만 개성 있는 디자인
1151,2_1151,14. 감성을 자극하는 주방
1152,2_1152,15. 조명 디자인이 완성하는 주방 인테리어
1153,2_1153,1. 벽 선반이 설치된 주방
1154,2_1154,2. 틈새를 수납공간으로 활용한 주방
1155,2_1155,3. 실내 구조에 맞춰 설계된 주방
1156,2_1156,4. 착시 효과를 이용한 주방
1157,2_1157,5. 창이 있는 주방
1158,2_1158,6. 양쪽으로 조리대가 설치된 주방
1159,2_1159,7. 꼭 필요한 것만 있는 주방
1160,2_1160,8. 코너에 설계된 주방
1161,2_1161,9. 벽의 각도를 활용한 주방
1162,2_1162,10. 다기능 가구가 배치된 주방
1163,2_1163,11. 두 공간이 하나로 결합된 주방
1164,2_1164,1. 밝고 귀여운 주방 인테리어
1165,2_1165,2. 좁은 주방을 더 완벽하게 활용하는 방법
1166,2_1166,3. 감성이 있는 주방
1167,2_1167,4. 고급스러운 모던 주방
1168,2_1168,5. 빈티지 스타일 주방
1169,2_1169,6. 특별한 수납 시스템
1170,2_1170,1. 리모델링 전: 스타일과 거리가 먼 주방
1171,2_1171,"2. 리모델링 후, 스타일리쉬한 감각을 살린 간결한 주방"
1172,2_1172,3. 예쁜 카페를 연상시키는 모던한 다이닝 공간
1173,2_1173,4. 쾌적한 분위기를 만드는 작은 소품들
1174,2_1174,4. 주방을 단조롭지 않게 꾸미는 데코레이션
1175,2_1175,1. 레일 시스템
1176,2_1176,2. 바깥 풍경을 즐길 수 있는 배치
1177,2_1177,3. 창문 위의 선반
1178,2_1178,4. 창의적인 주방 찬장
1179,2_1179,5. 숨겨진 수납공간
1180,2_1180,6. L자형 카운터
1181,2_1181,7. 벽을 장식하는 선반
1182,2_1182,8. 간단한 포인트 스티커
1183,2_1183,9. 내장형 싱크대
1184,2_1184,10. 모던한 수납 아이디어
1185,2_1185,11. 모듈 카운터
1186,2_1186,12. 매력적인 식기
1187,2_1187,13. 심플하고 유용한 철골 선반
1188,2_1188,14. 아일랜드 카운터를 더 유용하게 활용하는 방법
1189,2_1189,15. 벽에 설치한 카운터
1190,2_1190,1. 수납장으로 공간 분리하기
1191,2_1191,"2. 멀티 플레이어, 오픈 선반"
1192,2_1192,3. 최대한 많은 공간 확보하기
1193,2_1193,4. 물건에 맞는 수납 형태 찾기
1194,2_1194,5. 접시 보관을 위한 유럽 찬장
1195,2_1195,6. 빈티지한 스타일링 더하기
1196,2_1196,1. 수직 공간 활용하기
1197,2_1197,2. 맞춤형 가구를 활용한 미니멀리즘 주방
1198,2_1198,3. 오픈형 선반 설치하기
1199,2_1199,4. 모듈형 가구
1200,2_1200,5. 바구니로 깔끔하고 위생적이게!
1201,2_1201,1. 푸르른 하늘색 주방
1202,2_1202,2. 시크한 블랙 타일 주방
1203,2_1203,3. 브라운 톤의 목조 주방
1204,2_1204,4. 화이트와 우드의 우아한 조합
1205,2_1205,5. 백옥처럼 새하얀 화이트 주방
1206,2_1206,6. 심플하고 모던한 그레이 주방
1207,2_1207,7. 깔끔한 블랙 앤 화이트
1208,2_1208,8. 바닥 타일로 포인트를 준 화이트 주방
1209,2_1209,1. 다양한 소재의 조연이 함께하는 주방
1210,2_1210,"2. 흰색과 회색, 우드의 조합"
1211,2_1211,3. 스테인리스 스틸로 균형을 잡아라
1212,2_1212,4. 흰색과 우드를 매치한 모던 주방
1213,2_1213,5. 감각적인 그린 컬러
1214,2_1214,6. 우드 플랫폼으로 온기를 채워넣다.
1215,2_1215,7. 궁극적인 자연미를 보여주는 공간
1216,2_1216,8. 미니 주방에 담긴 색다른 매력69.
1217,2_1217,9. 내추럴 우드와 녹색을 포인트로
1218,2_1218,1.	클래식한 주방 디자인
1219,2_1219,2.	따뜻한 느낌을 주는 모던 스타일의 주방
1220,2_1220,3.	스타일리쉬한 흑백 디자인
1221,2_1221,4. 포인트 컬러가 돋보이는 주방
1222,2_1222,5. 기본에 충실한 주방 인테리어
1223,2_1223,6. 모던 재즈 스타일의 주방
1224,2_1224,7. 실용적인 동시에 근사한 인테리어로 완성된 주방
1225,2_1225,8. 섬세한 맞춤형 주방 가구로 완성도를 높인 인테리어
1226,2_1226,9. 블랙 포인트 컬러가 돋보이는 주방
1227,2_1227,10. 컨츄리풍 주방
1228,2_1228,11. 매력적인 화이트 주방
1229,2_1229,12. 좁은 공간을 똑똑하게 활용한 주방 디자인
1230,2_1230,13. 시크한 컴팩트 주방
1231,2_1231,14. 목재 싱크대가 돋보이는 주방
1232,2_1232,15.	목재와 화이트 컬러의 조화가 돋보이는 주방
1233,2_1233,16. 현대적인 요소를 갖춘 아름다운 주방
1234,2_1234,17. 우아한 동시에 실용적인 주방
1235,2_1235,1. 위아래 다른 색으로 맞춰보기
1236,2_1236,2. 넓고 깊은 수납공간
1237,2_1237,3. 흰색이 중심이 된 컨트리 스타일
1238,2_1238,4. 햇볕을 닮은 노란색의 주방
1239,2_1239,"5. 길고 좁은 주방, 높은 수납공간 솔루션"
1240,2_1240,"6. 레스토랑에 온 것 같은 기분, 코너 공간을 살린 주방"
1241,2_1241,7. 작아도 개성을 확고하게 표현한 주방
1242,2_1242,"8. 기능도 높이고, 심미성도 높인 주방"
1243,2_1243,9. 바닥에서 천장까지 수납공간으로 꼭꼭 채운 주방
1244,2_1244,10. 타일로 표현하는 개성과 분위기
1245,2_1245,1. 집 안에 만든 특별한 공간
1246,2_1246,2. 자연주의 홈 카페
1247,2_1247,3. 아기자기한 인테리어
1248,2_1248,4. 분위기를 조성하는 카운터
1249,2_1249,5. 과감한 인테리어
1250,2_1250,6. 운치가 있는 공간
1251,2_1251,7. 편안한 가구로 꾸민 홈 카페
1252,2_1252,8. 카페 느낌이 물씬 나는 펜던트 조명
1253,2_1253,9. 마음을 편안하게 하는 중립 색
1254,2_1254,10. 달콤한 카페 인테리어
1255,2_1255,11. 거친 매력의 인더스트리얼 스타일
1256,2_1256,12. 싱그러운 휴식 공간
1257,2_1257,13. 밝고 따뜻한 분위기
1258,2_1258,14. 홈 카페에 어울리는 수납
1259,2_1259,15. 컬러 포인트
1260,2_1260,16. 친숙하고 그리운 빈티지 인테리어
1261,2_1261,17. 조용한 분위기의 홈 카페
1262,2_1262,18. 밝고 따뜻한 목제 인테리어
1263,2_1263,19. 분위기를 고조시키는 장식품
1264,2_1264,20. 이야기가 있는 홈 카페
1265,2_1265,1. 프렌치 시크 스타일 주방
1266,2_1266,2. 모던하고 개성 있는 주방 인테리어
1267,2_1267,"3. 쾌적하고 넓어 보이도록 디자인한, 폭이 좁은 주방"
1268,2_1268,4. 대리석으로 고급스럽고 우아한 분위기를 연출한 주방
1269,2_1269,5. 클래식하지만 모던한 멋 또한 놓치지 않은 주방
1270,2_1270,6. 밝고 화사한 디자인의 주방
1271,2_1271,"7. 답답하지 않게, 컬러와 디자인에 신경쓰기"
1272,2_1272,8. 시선을 사로잡는 완벽한 주방 수납 인테리어
1273,2_1273,1. 맞춤형 가구를 고려해 보자
1274,2_1274,2. 다양한 구획을 가진 가구
1275,2_1275,3. 색으로 구분 하는 여러가지 영역
1276,2_1276,4. 책과 메모지를 보관하는 작은 선반
1277,2_1277,5. 보조 조리대 추가하기
1278,2_1278,6. 모서리 공간을 완벽하게 활용하라
1279,2_1279,7.틈새 공략하기
1280,2_1280,8. 맞춤형 쓰레기 용기로 깔끔하게
1281,2_1281,9. 작은 주방에 안성맞춤. 빌트인 가구
1282,2_1282,"10. 장식과 정리를 하나로, 유리문이 있는 수납장"
1283,2_1283,1. 창의적인 디자인의 주방 수건
1284,2_1284,2. 재미있는 물고기 벽
1285,2_1285,3. 실용적인 벽 시계
1286,2_1286,4. 메모지로 활용하는 벽 칠판
1287,2_1287,5. 다양한 색상과 디자인의 시트지
1288,2_1288,6. 아기자기한 벽 스티커
1289,2_1289,7. 취향에 따라 선택하는 보관 용기
1290,2_1290,8. 빈 벽엔 선반을
1291,2_1291,9. 전반적인 분위기를 좌우할 벽지
1292,2_1292,10. 액자 대신 클래식 접시를
1293,2_1293,1. 작은 주방을 위한 솔루션
1294,2_1294,2. 깨끗한 화이트 색상
1295,2_1295,3. 고급스러운 조명
1296,2_1296,4. 풍부한 수납공간
1297,2_1297,5. 우아한 주방 인테리어
1298,2_1298,6. 복고풍 색상
1299,2_1299,7. 대담하지만 절제된 주방
1300,2_1300,8. 아기자기한 화이트 타일
1301,2_1301,9. 완벽한 미니멀리스트
1302,2_1302,10. 컨트리 스타일
1303,2_1303,11. 도회적인 이미지의 흑백 주방
1304,2_1304,"12. 심플하게, 하지만 아름답게"
1305,2_1305,1. 우드와 스틸의 현대적인 조화는 간단하지만 멋지다.
1306,2_1306,2. 찬장을 없애 주방을 더욱 깔끔하고 시크하게 완성했다.
1307,2_1307,3. 러스틱한 목재와 자연스러운 벽돌의 조화는 공간에 개성을 더했다.
1308,2_1308,"4. 슬라이딩 도어, 맞춤형 목재 가구, 그리고 콘크리트 벽의 만남? 놀랍도록 아름답다!"
1309,2_1309,5. 어두운 색 싱크대의 구리 포인트는 정말 트렌디하다!
1310,2_1310,6. 스테인리스 스틸로 만든 아일랜드 테이블은 공간에 미래지향적인 느낌을 준다.
1311,2_1311,7. 거실과 자연스러운 조화를 이루는 미니멀리스트 스타일 주방!
1312,2_1312,8. 레트로 스타일의 가구는 조리대를 더욱 근사하게 업그레이드시켰다.
1313,2_1313,"9. 마치 DIY로 완성한 듯한 주방, 자연스러운 매력에 빠져든다."
1314,2_1314,10. 클래식한 스타일은 시간이 흘러도 결코 질리지 않는다.
1315,2_1315,11. 다양한 톤의 나무 마감재는 이 주방에 개성을 더했다.
1316,2_1316,12. 실용적인 주방도 패셔너블할 수 있다. 이 싱크대와 선반 디자인을 보라!
1317,2_1317,13. 두 가지 트렌드가 한 곳에! 시원한 파란색과 바닥 타일의 조화가 멋지다.
1318,2_1318,14. 이 주방에 꼭 맞춘 조리대가 눈길을 사로잡는다.
1319,2_1319,15. 듀얼 주방 가구로 조리 공간과 식사 공간을 동시에 확보했다.
1320,2_1320,17. 인더스트리얼 스타일의 주방은 찬장 없이도 근사해보일 수 있다.
1321,2_1321,18. 미래로 순간 이동한 느낌? 이 공간의 군더더기 없는 인테리어는 미래지향적인 스타일을 완성하기에 충분하다!
1322,2_1322,19. 지금까지 이렇게 스타일리쉬한 회색 주방은 없었다. 심플한 선의 주방 가구를 보라!
1323,2_1323,1. 일자형 주방에 수납력을 높이는 법
1324,2_1324,2. 동선에 맞춘 L자형 or ㄷ자형 주방
1325,2_1325,3. 아일랜드 바 활용하기
1326,2_1326,4. 자주 쓰는 물건일수록 꺼내쓰기 쉬운 곳에!
1327,2_1327,5. 조미료 수납하는 위치가 중요하다
1328,2_1328,6. 행거를 사용한 조리도구 수납
1329,2_1329,7. 트롤리 활용하기
1330,2_1330,1. 스튜디오지만 넓은 주방 인테리어
1331,2_1331,2. 기능적인 미니멀 스타일
1332,2_1332,3. 콤팩트한 공간에서 다양한 기능을
1333,2_1333,4. 입체감을 부여한 침실과 아담한 주방
1334,2_1334,5. 수납공간이 넉넉한 I형 주방
1335,2_1335,6.	벽 선반으로 미니멀하고 세련되게
1336,2_1336,1. 통유리 파티션으로 개방감을 놓치지 않는 주방
1337,2_1337,2. 통합된 듯 분리된 주방 파티션 & 도어 인테리어
1338,2_1338,3. 프렌치풍 화이트 컬러 파티션 (1)
1339,2_1339,4. 프렌치풍 화이트 컬러 파티션 (2)
1340,2_1340,5. 공간 활용성 UP! 슬라이딩 도어 활용하기
1341,2_1341,6. 다이닝 바와 주방 수납장을 활용한 분리
1342,2_1342,7. 반투명 유리로 디자인된 주방 슬라이딩 도어 클로징
1343,2_1343,8.  반투명 유리로 디자인된 주방 슬라이딩 도어 오픈
1344,2_1344,9. 블랙 메탈 프레임의 슬라이딩 도어
1345,2_1345,10. 파티션으로 나눈 주방 속 다이닝 바
1346,2_1346,11. 운치 있는 카페 같은 미니멀리즘 주방 외부
1347,2_1347,12. 운치 있는 카페 같은 미니멀리즘 주방 내부
1348,2_1348,13. 스타일리쉬하고 개성을 부여하여 공간을 나누자
1349,2_1349,1. 아름다운 싱크대
1350,2_1350,2. 포인트 벽돌
1351,2_1351,3. 노출형 주방 선반
1352,2_1352,4. 꼭 갖고 싶은 와인 컬렉션
1353,2_1353,5. 독특한 디자인의 펜던트 조명
1354,2_1354,6. 넓은 아일랜드형 주방
1355,2_1355,7. 주방에 생기를 더하는 LED 조명
1356,2_1356,8. 클래식한 디자인과 밝은 색상
1357,2_1357,1. 색상 선택
1358,2_1358,2. 벽 인테리어
1359,2_1359,3. 시선을 올려주는 상단 포인트
1360,2_1360,4. 단색의 아름다움
1361,2_1361,5. 깔끔한 동선을 조성하는 주방
1362,2_1362,6. 갤리형 주방
1363,2_1363,7. 목재를 활용한 주방
1364,2_1364,8. 장식 추가하기
1365,2_1365,1. 금속 전자레인지
1366,2_1366,2. 알루미늄 호일
1367,2_1367,3. 마이크로파의 유해성
1368,2_1368,4. 전자레인지 용 식기
1369,2_1369,5. 과열을 방지하는 방법
1370,2_1370,6. 내부와 외부를 청소하기
1371,2_1371,1. 좁은 틈새 공간을 와인 랙으로
1372,2_1372,2. 서랍을 나누고 또 나누자
1373,2_1373,3. 자투리 공간을 소생시키는 선반
1374,2_1374,4. 시선을 위로
1375,2_1375,5. 실속있는 주방 아이템. 이동형 트레이
1376,2_1376,6. 완벽한 쟁반 수납 공간
1377,2_1377,7. 잔을 거꾸로 매다는 와인 레일
1378,2_1378,8. 숨겨진 마법의 수납 공간
1379,2_1379,9. 서랍으로 안쪽까지 꼼꼼하게 활용하기
1380,2_1380,10. 다시 돌아온 주방 수납 가구의 강자. 웨일스 드레서
1381,2_1381,11. 모서리 공간 완벽하게 활용하기. 회전식 선반
1382,2_1382,12. 실용성 그 이상의 실용성을 보여주는 아일랜드 식탁
1383,2_1383,1. 화사하고 실용적인 스칸디나비아의 정신이 깃든 주방
1384,2_1384,2. 실생활에 접목시킨 모던 스타일
1385,2_1385,3. 온기를 더해준 미니멀리스트 스타일
1386,2_1386,4. 러스틱과 시크가 만났다.
1387,2_1387,5. 정교하면서 신선하다. 올드 잉글랜드 스타일
1388,2_1388,6. 기능적이면서 스타일리쉬한 공간
1389,2_1389,7. 독창적인 모던 디자인
1390,2_1390,8. 빈티지 스타일에 깃든 섬세함. 인더스트리얼 주방
1391,2_1391,1. 시크하고 우아한 블랙 앤 화이트
1392,2_1392,2. 공간을 절약한 모퉁이 주방
1393,2_1393,3. 상하부의 알찬 서랍장 구조
1394,2_1394,4. 중심으로 옮겨 온 조리대
1395,2_1395,5. 다기능의 대형 주방
1396,2_1396,6. 이동형 미니 주방
1397,2_1397,7. 두 가지 분위기를 한꺼번에 연출
1398,2_1398,8. 스타일을 대칭 시킨 주방
1399,2_1399,1. 주방과 결합된 형태
1400,2_1400,2. 특별한 분위기를 만드는 반 옥외 카운터
1401,2_1401,3. 바 느낌 그대로
1402,2_1402,4. 카페같은 상큼함이 있는 공간
1403,2_1403,5. 평범함을 거부하는 인더스트리얼 바
1404,2_1404,1. 우유를 넘치게 붓지 마라
1405,2_1405,2. 모든 것을 보이는 곳에
1406,2_1406,3. 숨겨야 할 것이 있는가?
1407,2_1407,4. 너무 많은 그릇은 안녕
1408,2_1408,5. 기초부터 제대로 하자!
1409,2_1409,6. 모든 재료를 미리 준비하자
1410,2_1410,7. 피자 커팅기는 채소와 같이 다른 재료를 준비하는데 도움이 된다
1411,2_1411,8. 새 그릇과 더러운 그릇이 섞이지 않도록
1412,2_1412,9. 계란을 삶을 때 소금을 넣자
1413,2_1413,10. 뜨거운 물로 믹서기 청소
1414,2_1414,11. 휴식공간을 만들어보자
1415,2_1415,12. 전자레인지에 레몬을 넣자
1416,2_1416,13. 음악을 틀어놓자
1417,2_1417,14. 남은 와인은?
1418,2_1418,15. 땅콩버터를 좋아한다면?
1419,2_1419,16. 소금 쉐이커에 쌀을 넣자
1420,2_1420,17. 칼과 가위를 교체하자
1421,2_1421,18. 사과를 자르는 커팅 머신이 있는가?
1422,2_1422,19. 따뜻한 숟가락으로 아이스크림을 먹어보자
1423,2_1423,20. 후드가 없는 주방이라면
1424,2_1424,21. 과일을 그릇에 담아두기
1425,2_1425,22. 주방에 당신의 요리 스타일을 반영하라
1426,2_1426,1. 기본 중의 기본! 레이아웃에 신경쓰자
1427,2_1427,2. 케이블 & 컨센트 신경쓰기
1428,2_1428,3. 주방 크기에 맞는 수납 공간을 마련하기
1429,2_1429,4. 엉망진창 서랍을 깔끔하게 정리하기
1430,2_1430,5. 서랍 안의 서랍으로 센스만점 주방 만들기6
1431,2_1431,6. 공간효율성을 UP시키자
1432,2_1432,7. 시간 단축! 한눈에 알아보는 주방 용기 사용하기
1433,2_1433,8. 기분 따라 변신하는 주방 벽 디자인
1434,2_1434,9.  쓰레기 정리는 필수
1435,2_1435,1. 가정에 완벽히 맞춘 주방
1436,2_1436,2. 공간을 최대한 활용한 주방
1437,2_1437,3. 수납공간을 확보한 주방
1438,2_1438,4. 대담한 색상을 선택한 주방
1439,2_1439,5. 조명의 중요성을 아는 주방
1440,2_1440,6. 통합 어플라이언스가 있는 주방
1441,2_1441,7. 유행을 타지 않는 주방
1442,2_1442,8. 모던한 수납공간이 있는 주방
1443,2_1443,9. 아일랜드 공간이 포인트인 주방
1444,2_1444,10. 여러모로 활용할 수 있는 주방
1445,2_1445,11. 기능성 제품이 있는 주방
1446,2_1446,12. 저렴한 예산으로 꾸민 주방
1447,2_1447,13. 가전제품을 숨겨놓은 주방
1448,2_1448,14. 감각적으로 조명을 더한 주방
1449,2_1449,15. 절대 후회하지 않는 주방
1450,2_1450,1. 독특한 벽걸이 시계로 벽면을 꾸며라
1451,2_1451,2. 주방에 포인트 컬러를 더하라
1452,2_1452,3. 더욱 과감한 선반 디자인에 주목하라
1453,2_1453,4. 나만의 미니 허브 정원
1454,2_1454,5. 주방 벽면을 꽃밭으로!
1455,2_1455,6. 주방을 소통의 공간으로 만들기
1456,2_1456,7. 그래픽으로 벽면을 화려하게 꾸며보기
1457,2_1457,8. 주방 벽면을 환한 인상으로 꾸며주는 조명
1458,2_1458,9. 근사한 사진으로 벽면을 채우자
1459,2_1459,10. 선반 위에 주방 소품 컬렉션 진열하기
1460,2_1460,1. 아늑한 분위기의 컨트리 스타일 주방
1461,2_1461,2. 정원과 트여 있어 넓어 보이는 주방
1462,2_1462,3. 우아한 프렌치 스타일 주방
1463,2_1463,4. 세련되고 모던한 감각의 넓은 주방
1464,2_1464,5. 우든 소재로 차분한 분위기를 입힌 주방
1465,2_1465,"6. 자연스러운 매력, 에클레틱 스타일 주방"
1466,2_1466,7. 고급스러운 화려함을 뽐내는 주방
1467,2_1467,8. 아일랜드로 공간 효율성을 높인 주방
1468,2_1468,9. 부드럽고 세련된 분위기가 머무는 주방
1469,2_1469,10. 미니멀리즘 주방
1470,2_1470,1. 더 이상 보지 않는 요리책
1471,2_1471,2. 쌓여있는 머그컵
1472,2_1472,3. 환경과 인테리어 파괴범 비닐 봉지
1473,2_1473,5. 낡은 주방 패브릭 제품
1474,2_1474,7. 사용하지 않는 주방 용품
1475,2_1475,8. 자리만 차지하는 낡은 주방 칼
1476,2_1476,9. 주방 미관을 해치는 빈 병 및 캔
1477,2_1477,10. 필요 이상의 타파웨어
